metric,value
MAP,0.8689719494240575
NDCG,0.8738484328275082
