metric,value
MAP,0.8222558671530595
NDCG,0.8291925812283606
