win_percent, mac_percent, linux_percent, steam_deck_percent
98.50438482243639,26.41964053138838,18.32508465746288,100.0
