metric,value
MAP,0.8222558671530589
NDCG,0.8291925812283605
