metric,value
MAP,0.8689719494240572
NDCG,0.8738484328275086
